{"cameraMode":{"drawMode":0,"name":"Shaded","section":"Shading Mode"},"sceneLighting":true,"audioPlay":false,"sceneViewState":{"m_AlwaysRefresh":false,"showFog":true,"showSkybox":true,"showFlares":true,"showImageEffects":true,"showParticleSystems":true,"showVisualEffectGraphs":true,"m_FxEnabled":true},"in2DMode":false,"pivot":{"x":2.0487663745880129,"y":2.8895623683929445,"z":-0.15633870661258698},"rotation":{"x":-0.0362093560397625,"y":-0.07129494845867157,"z":0.0025897205341607334,"w":-0.9967907071113586},"size":4.373844146728516,"orthographic":false}