{"cameraMode":{"drawMode":0,"name":"Shaded","section":"Shading Mode"},"sceneLighting":true,"audioPlay":false,"sceneViewState":{"m_AlwaysRefresh":false,"showFog":true,"showSkybox":true,"showFlares":true,"showImageEffects":true,"showParticleSystems":true,"showVisualEffectGraphs":true,"m_FxEnabled":true},"in2DMode":false,"pivot":{"x":7.152557373046875e-7,"y":2.8388941287994386,"z":-0.20804595947265626},"rotation":{"x":-0.14825798571109773,"y":0.006524194031953812,"z":-0.0009780933614820243,"w":-0.9889267683029175},"size":5.3149919509887699,"orthographic":false}