{"cameraMode":{"drawMode":0,"name":"Shaded","section":"Shading Mode"},"sceneLighting":true,"audioPlay":false,"sceneViewState":{"m_AlwaysRefresh":false,"showFog":true,"showSkybox":true,"showFlares":true,"showImageEffects":true,"showParticleSystems":true,"showVisualEffectGraphs":true,"m_FxEnabled":true},"in2DMode":false,"pivot":{"x":0.19208680093288423,"y":8.095401763916016,"z":-11.937955856323243},"rotation":{"x":-0.16962942481040955,"y":0.07766881585121155,"z":-0.013427491299808026,"w":-0.9823025465011597},"size":0.45350381731987,"orthographic":false}