{"cameraMode":{"drawMode":0,"name":"Shaded","section":"Shading Mode"},"sceneLighting":false,"audioPlay":false,"sceneViewState":{"m_AlwaysRefresh":false,"showFog":true,"showSkybox":false,"showFlares":true,"showImageEffects":true,"showParticleSystems":true,"showVisualEffectGraphs":true,"m_FxEnabled":true},"in2DMode":false,"pivot":{"x":6.7236857414245609,"y":2.5605831146240236,"z":-0.3714160919189453},"rotation":{"x":-0.28034141659736636,"y":0.2887480556964874,"z":-0.08882103115320206,"w":-0.9110783934593201},"size":4.4104228019714359,"orthographic":false}