{"cameraMode":{"drawMode":0,"name":"Shaded","section":"Shading Mode"},"sceneLighting":false,"audioPlay":false,"sceneViewState":{"m_AlwaysRefresh":false,"showFog":true,"showSkybox":false,"showFlares":true,"showImageEffects":true,"showParticleSystems":true,"showVisualEffectGraphs":true,"m_FxEnabled":true},"in2DMode":false,"pivot":{"x":-0.32970285415649416,"y":0.41636180877685549,"z":-0.17719364166259767},"rotation":{"x":0.17002813518047334,"y":-0.03990130126476288,"z":0.006888542789965868,"w":0.9846073389053345},"size":7.1021647453308109,"orthographic":false}